path,id
22.1.pdf,22.1.pdf
22.12.pdf,22.12.pdf
22.123.pdf,22.123.pdf
22.124.pdf,22.124.pdf
22.126.pdf,22.126.pdf
22.127.pdf,22.127.pdf
22.131.pdf,22.131.pdf
22.132.pdf,22.132.pdf
22.133.pdf,22.133.pdf
22.134.pdf,22.134.pdf
22.135.pdf,22.135.pdf
22.137.pdf,22.137.pdf
22.14.pdf,22.14.pdf
22.143.pdf,22.143.pdf
22.145.pdf,22.145.pdf
22.146.pdf,22.146.pdf
22.148.pdf,22.148.pdf
22.16.pdf,22.16.pdf
22.161.pdf,22.161.pdf
22.17.pdf,22.17.pdf
22.171.pdf,22.171.pdf
22.172.pdf,22.172.pdf
22.18(2).pdf,22.18.pdf
22.18.pdf,22.18.pdf
22.185.pdf,22.185.pdf
22.19.pdf,22.19.pdf
22.192.pdf,22.192.pdf
22.195(2).pdf,22.195.pdf
22.195.pdf,22.195.pdf
22.2.pdf,22.2.pdf
22.21.pdf,22.21.pdf
22.211.pdf,22.211.pdf
22.212.pdf,22.212.pdf
22.213.pdf,22.213.pdf
22.251.pdf,22.251.pdf
22.253.pdf,22.253.pdf
22.3.pdf,22.3.pdf
22.31.pdf,22.31.pdf
22.312.pdf,22.312.pdf
22.314.pdf,22.314.pdf
22.32.pdf,22.32.pdf
22.321.pdf,22.321.pdf
22.33.pdf,22.33.pdf
22.333.pdf,22.333.pdf
22.334.pdf,22.334.pdf
22.341(2).pdf,22.341.pdf
22.341.pdf,22.341.pdf
22.344.pdf,22.344.pdf
22.345.pdf,22.345.pdf
22.348.pdf,22.348.pdf
22.35.pdf,22.35.pdf
22.353.pdf,22.353.pdf
22.365(2).pdf,22.365.pdf
22.365.pdf,22.365.pdf
22.367.pdf,22.367.pdf
22.372.pdf,22.372.pdf
22.373.pdf,22.373.pdf
22.379.pdf,22.379.pdf
22.384.pdf,22.384.pdf
22.387.pdf,22.387.pdf
22.61.pdf,22.61.pdf
22.612.pdf,22.612.pdf
22.622.pdf,22.622.pdf
22.63.pdf,22.63.pdf
22.654.pdf,22.654.pdf
22.655(2).pdf,22.655.pdf
22.655.pdf,22.655.pdf
22.667.pdf,22.667.pdf
22.67.pdf,22.67.pdf
22.675.pdf,22.675.pdf
22.677.pdf,22.677.pdf
22.68(2).pdf,22.68.pdf
22.68.pdf,22.68.pdf
24.1(2).pdf,24.1.pdf
24.1.pdf,24.1.pdf
24.11.pdf,24.11.pdf
24.112.pdf,24.112.pdf
24.116.pdf,24.116.pdf
24.117.pdf,24.117.pdf
24.118.pdf,24.118.pdf
24.12.pdf,24.12.pdf
24.13.pdf,24.13.pdf
24.131.pdf,24.131.pdf
24.132.pdf,24.132.pdf
24.133.pdf,24.133.pdf
24.2(2).pdf,24.2.pdf
24.2.pdf,24.2.pdf
24.21.pdf,24.21.pdf
24.210.pdf,24.210.pdf
24.212.pdf,24.212.pdf
24.22.pdf,24.22.pdf
24.232.pdf,24.232.pdf
24.236.pdf,24.236.pdf
24.24.pdf,24.24.pdf
24.4.pdf,24.4.pdf
24.41.pdf,24.41.pdf
24.42pdf.pdf,24.42pdf.pdf
24.433(2).pdf,24.433.pdf
24.433.pdf,24.433.pdf
24.45.pdf,24.45.pdf
24.46.pdf,24.46.pdf
24.48.pdf,24.48.pdf
24.491.pdf,24.491.pdf
24.5.pdf,24.5.pdf
24.51.pdf,24.51.pdf
24.511.pdf,24.511.pdf
24.512.pdf,24.512.pdf
24.52.pdf,24.52.pdf
24.531.pdf,24.531.pdf
24.532.pdf,24.532.pdf
24.533.pdf,24.533.pdf
24.54.pdf,24.54.pdf
24.542.pdf,24.542.pdf
24.543.pdf,24.543.pdf
24.552.pdf,24.552.pdf
24.553.pdf,24.553.pdf
24.56(2).pdf,24.56.pdf
24.56.pdf,24.56.pdf
24.571.pdf,24.571.pdf
24.573.pdf,24.573.pdf
24.574.pdf,24.574.pdf
24.581.pdf,24.581.pdf
24.583.pdf,24.583.pdf
24.591.pdf,24.591.pdf
24.594.pdf,24.594.pdf
24.597.pdf,24.597.pdf
24.6.pdf,24.6.pdf
24.611.pdf,24.611.pdf
24.614.pdf,24.614.pdf
24.616.pdf,24.616.pdf
24.621.pdf,24.621.pdf
24.622.pdf,24.622.pdf
24.63.pdf,24.63.pdf
24.631.pdf,24.631.pdf
24.632.pdf,24.632.pdf
24.64.pdf,24.64.pdf
24.641.pdf,24.641.pdf
24.643.pdf,24.643.pdf
24.662(2).pdf,24.662.pdf
24.662.pdf,24.662.pdf
24.67.pdf,24.67.pdf
24.7.pdf,24.7.pdf
24.71.pdf,24.71.pdf
24.72.pdf,24.72.pdf
24.73.pdf,24.73.pdf
24.81.pdf,24.81.pdf
24.813.pdf,24.813.pdf
24.816.pdf,24.816.pdf
24.820.pdf,24.820.pdf
26.0.pdf,26.0.pdf
26.1.pdf,26.1.pdf
26.11.pdf,26.11.pdf
26.111.pdf,26.111.pdf
26.112.pdf,26.112.pdf
26.171.pdf,26.171.pdf
26.172.pdf,26.172.pdf
26.176.pdf,26.176.pdf
26.178.pdf,26.178.pdf
26.19.pdf,26.19.pdf
26.190.pdf,26.190.pdf
26.191.pdf,26.191.pdf
26.192.pdf,26.192.pdf
26.197.pdf,26.197.pdf
26.20.pdf,26.20.pdf
26.21.pdf,26.21.pdf
26.212.pdf,26.212.pdf
26.215.pdf,26.215.pdf
26.217.pdf,26.217.pdf
26.219.pdf,26.219.pdf
26.22.pdf,26.22.pdf
26.220.pdf,26.220.pdf
26.221.pdf,26.221.pdf
26.222.pdf,26.222.pdf
26.23.pdf,26.23.pdf
26.230.pdf,26.230.pdf
26.233.pdf,26.233.pdf
26.235.pdf,26.235.pdf
26.236.pdf,26.236.pdf
26.238.pdf,26.238.pdf
26.3.pdf,26.3.pdf
26.30.pdf,26.30.pdf
26.31.pdf,26.31.pdf
26.314.pdf,26.314.pdf
26.321.pdf,26.321.pdf
26.322.pdf,26.322.pdf
26.324.pdf,26.324.pdf
26.33.pdf,26.33.pdf
26.34.pdf,26.34.pdf
26.35.pdf,26.35.pdf
26.361.pdf,26.361.pdf
26.367.pdf,26.367.pdf
26.37.pdf,26.37.pdf
26.38.pdf,26.38.pdf
26.39.pdf,26.39.pdf
26.8.pdf,26.8.pdf
26.80.pdf,26.80.pdf
26.82.pdf,26.82.pdf
26.820.pdf,26.820.pdf
26.821.pdf,26.821.pdf
26.823.pdf,26.823.pdf
26.829.pdf,26.829.pdf
26.87.pdf,26.87.pdf
26.88.pdf,26.88.pdf
26.89.pdf,26.89.pdf
28.01.pdf,28.01.pdf
28.013.pdf,28.013.pdf
28.015.pdf,28.015.pdf
28.024.pdf,28.024.pdf
28.03(2).pdf,28.03.pdf
28.03.pdf,28.03.pdf
28.04.pdf,28.04.pdf
28.041.pdf,28.041.pdf
28.05.pdf,28.05.pdf
28.06.pdf,28.06.pdf
28.07.pdf,28.07.pdf
28.071.pdf,28.071.pdf
28.080.pdf,28.080.pdf
28.083.pdf,28.083.pdf
28.089.pdf,28.089.pdf
28.09(2).pdf,28.09.pdf
28.09.pdf,28.09.pdf
28.1.pdf,28.1.pdf
28.12.pdf,28.12.pdf
28.14.pdf,28.14.pdf
28.15.pdf,28.15.pdf
28.152.pdf,28.152.pdf
28.16.pdf,28.16.pdf
28.3(2).pdf,28.3.pdf
28.3.pdf,28.3.pdf
28.31.pdf,28.31.pdf
28.32.pdf,28.32.pdf
28.34.pdf,28.34.pdf
28.37.pdf,28.37.pdf
28.38.pdf,28.38.pdf
28.4(2).pdf,28.4.pdf
28.4.pdf,28.4.pdf
28.41.pdf,28.41.pdf
28.42.pdf,28.42.pdf
28.43.pdf,28.43.pdf
28.44.pdf,28.44.pdf
28.45.pdf,28.45.pdf
28.46.pdf,28.46.pdf
28.48.pdf,28.48.pdf
28.49.pdf,28.49.pdf
28.5(2).pdf,28.5.pdf
28.5.pdf,28.5.pdf
28.52.pdf,28.52.pdf
28.53.pdf,28.53.pdf
28.54.pdf,28.54.pdf
28.57.pdf,28.57.pdf
28.58.pdf,28.58.pdf
28.59.pdf,28.59.pdf
28.591.pdf,28.591.pdf
28.63.pdf,28.63.pdf
28.64.pdf,28.64.pdf
28.641.pdf,28.641.pdf
28.65.pdf,28.65.pdf
28.66.pdf,28.66.pdf
28.67.pdf,28.67.pdf
28.68.pdf,28.68.pdf
28.69.pdf,28.69.pdf
28.7.pdf,28.7.pdf
28.70.pdf,28.70.pdf
28.706.pdf,28.706.pdf
28.71.pdf,28.71.pdf
